{
  "version": 1,
  "author": "Anonymous maker",
  "editor": "wokwi",
  "parts": [
    { "type": "wokwi-arduino-nano", "id": "nano", "top": -33.6, "left": -0.5, "attrs": {} },
    {
      "type": "wokwi-slide-potentiometer",
      "id": "pot1",
      "top": 101,
      "left": -10.6,
      "attrs": { "travelLength": "30" }
    },
    {
      "type": "wokwi-slide-potentiometer",
      "id": "pot2",
      "top": 197,
      "left": -10.6,
      "attrs": { "travelLength": "30" }
    },
    {
      "type": "wokwi-slide-potentiometer",
      "id": "pot3",
      "top": 283.4,
      "left": -10.6,
      "attrs": { "travelLength": "30" }
    },
    {
      "type": "wokwi-slide-potentiometer",
      "id": "pot4",
      "top": 379.4,
      "left": -10.6,
      "attrs": { "travelLength": "30" }
    },
    {
      "type": "wokwi-pushbutton",
      "id": "btn1",
      "top": 131,
      "left": -153.6,
      "attrs": { "color": "black" }
    },
    { "type": "wokwi-led", "id": "led1", "top": 140.4, "left": -217, "attrs": { "color": "red" } },
    {
      "type": "wokwi-pushbutton",
      "id": "btn2",
      "top": 217.4,
      "left": -153.6,
      "attrs": { "color": "black" }
    },
    { "type": "wokwi-led", "id": "led2", "top": 226.8, "left": -217, "attrs": { "color": "red" } },
    { "type": "wokwi-led", "id": "led3", "top": 322.8, "left": -217, "attrs": { "color": "red" } },
    { "type": "wokwi-led", "id": "led4", "top": 418.8, "left": -217, "attrs": { "color": "red" } },
    {
      "type": "wokwi-slide-potentiometer",
      "id": "pot5",
      "top": 475.4,
      "left": -10.6,
      "attrs": { "travelLength": "30" }
    },
    { "type": "wokwi-led", "id": "led5", "top": 524.4, "left": -217, "attrs": { "color": "red" } },
    {
      "type": "wokwi-pushbutton",
      "id": "btn3",
      "top": 313.4,
      "left": -153.6,
      "attrs": { "color": "black" }
    },
    {
      "type": "wokwi-pushbutton",
      "id": "btn4",
      "top": 409.4,
      "left": -153.6,
      "attrs": { "color": "black" }
    },
    {
      "type": "wokwi-pushbutton",
      "id": "btn5",
      "top": 515,
      "left": -153.6,
      "attrs": { "color": "black" }
    },
    {
      "type": "wokwi-pushbutton",
      "id": "btn6",
      "top": -205,
      "left": 182.4,
      "attrs": { "color": "green" }
    },
    {
      "type": "wokwi-pushbutton",
      "id": "btn7",
      "top": -89.8,
      "left": 566.4,
      "attrs": { "color": "green" }
    },
    {
      "type": "wokwi-pushbutton",
      "id": "btn8",
      "top": -80.2,
      "left": 441.6,
      "attrs": { "color": "green" }
    },
    {
      "type": "wokwi-pushbutton",
      "id": "btn9",
      "top": -80.2,
      "left": 307.2,
      "attrs": { "color": "green" }
    },
    {
      "type": "wokwi-pushbutton",
      "id": "btn10",
      "top": -80.2,
      "left": 182.4,
      "attrs": { "color": "green" }
    },
    {
      "type": "wokwi-pushbutton",
      "id": "btn11",
      "top": -147.4,
      "left": 566.4,
      "attrs": { "color": "green" }
    },
    {
      "type": "wokwi-pushbutton",
      "id": "btn12",
      "top": -147.4,
      "left": 441.6,
      "attrs": { "color": "green" }
    },
    {
      "type": "wokwi-pushbutton",
      "id": "btn13",
      "top": -147.4,
      "left": 307.2,
      "attrs": { "color": "green" }
    },
    {
      "type": "wokwi-pushbutton",
      "id": "btn14",
      "top": -147.4,
      "left": 182.4,
      "attrs": { "color": "green" }
    },
    {
      "type": "wokwi-pushbutton",
      "id": "btn15",
      "top": -205,
      "left": 566.4,
      "attrs": { "color": "green" }
    },
    {
      "type": "wokwi-pushbutton",
      "id": "btn16",
      "top": -205,
      "left": 441.6,
      "attrs": { "color": "green" }
    },
    {
      "type": "wokwi-pushbutton",
      "id": "btn17",
      "top": -205,
      "left": 307.2,
      "attrs": { "color": "green" }
    },
    { "type": "wokwi-potentiometer", "id": "pot6", "top": 94.7, "left": 297.4, "attrs": {} },
    {
      "type": "wokwi-pushbutton",
      "id": "btn18",
      "top": 227,
      "left": 288,
      "attrs": { "color": "black" }
    },
    {
      "type": "wokwi-led",
      "id": "led6",
      "top": 226.8,
      "left": 368.6,
      "attrs": { "color": "red" }
    }
  ],
  "connections": [
    [ "nano:5V", "pot1:VCC", "red", [ "h-0.5", "v105.6", "h-143.5", "v9.6" ] ],
    [ "pot3:VCC", "pot2:VCC", "red", [ "h-9.6", "v-86.4" ] ],
    [ "pot4:VCC", "pot5:VCC", "red", [ "h-9.6", "v96" ] ],
    [ "pot5:GND", "btn5:2.r", "black", [ "h14.8", "v67.2", "h-307.4" ] ],
    [ "btn5:2.r", "btn4:2.r", "black", [ "h9.8", "v-105.4" ] ],
    [ "btn4:2.r", "btn3:2.r", "black", [ "h9.8", "v-95.8" ] ],
    [ "btn3:2.r", "btn2:2.r", "black", [ "h9.8", "v-95.8" ] ],
    [ "btn2:2.r", "btn1:2.r", "black", [ "h9.8", "v-86.2" ] ],
    [ "pot5:VCC", "led5:A", "red", [ "h-9.6", "v86.4", "h-172.8" ] ],
    [ "led5:A", "led4:A", "red", [ "h19.2", "v-115.2" ] ],
    [ "led4:A", "led3:A", "red", [ "h19.2", "v-134.4" ] ],
    [ "led3:A", "led2:A", "red", [ "h19.2", "v-105.6" ] ],
    [ "led2:A", "led1:A", "red", [ "h19.2", "v-105.6" ] ],
    [ "btn1:1.l", "led1:C", "green", [ "h-67.2", "v38.4" ] ],
    [ "btn2:1.l", "led2:C", "green", [ "h-67.2", "v38.4" ] ],
    [ "btn3:1.l", "led3:C", "green", [ "h-67.2", "v38.4" ] ],
    [ "btn4:1.l", "led4:C", "green", [ "h-67.2", "v38.4" ] ],
    [ "btn5:1.l", "led5:C", "green", [ "h-67.2", "v57.6" ] ],
    [ "pot6:VCC", "nano:5V", "red", [ "v19.2", "h76", "v-105.6", "h-297.6" ] ],
    [ "pot6:GND", "pot1:GND", "black", [ "v28.8", "h-67.2", "v-211.2" ] ],
    [ "pot6:GND", "btn18:2.l", "black", [ "v28.8", "h-67.2", "v67" ] ],
    [ "pot6:VCC", "led6:A", "red", [ "v28.8", "h56.8", "v76.8" ] ],
    [ "btn7:2.r", "btn11:2.r", "yellow", [ "h9.8", "v-67" ] ],
    [ "btn11:2.r", "btn15:2.r", "yellow", [ "h9.8", "v-67" ] ],
    [ "btn16:2.r", "btn12:2.r", "yellow", [ "h9.8", "v57.8" ] ],
    [ "btn12:2.r", "btn8:2.r", "yellow", [ "h9.8", "v67.4" ] ],
    [ "btn10:2.r", "btn14:2.r", "yellow", [ "h9.8", "v-67" ] ],
    [ "btn14:2.r", "btn6:2.r", "yellow", [ "h9.8", "v-57.4" ] ],
    [ "btn17:2.r", "btn13:2.r", "yellow", [ "h9.8", "v57.8" ] ],
    [ "btn13:2.r", "btn9:2.r", "yellow", [ "h9.8", "v67.4" ] ],
    [ "nano:2", "btn5:1.l", "green", [ "v-115.2", "h-393.6", "v672" ] ],
    [ "nano:3", "btn4:1.l", "green", [ "v-105.6", "h-374.4", "v556.8" ] ],
    [ "nano:4", "btn3:1.l", "green", [ "v-96", "h-355.2", "v451.2" ] ],
    [ "nano:5", "btn2:1.l", "green", [ "v-86.4", "h-336", "v345.6" ] ],
    [ "nano:6", "btn1:1.l", "green", [ "v-76.8", "h-316.8", "v249.6" ] ],
    [ "nano:13", "btn18:1.l", "green", [ "v28.8", "h412.8", "v153.6", "h-144" ] ],
    [ "nano:GND.1", "pot1:GND", "black", [ "v9.6", "h52.4" ] ],
    [ "nano:12", "btn10:1.l", "magenta", [ "v-9.6", "h-28.8", "v-268.8" ] ],
    [ "btn6:1.l", "btn17:1.l", "magenta", [ "h0", "v-28.8", "h115.2" ] ],
    [ "btn17:1.l", "btn16:1.l", "magenta", [ "h0", "v-28.8", "h124.8" ] ],
    [ "btn16:1.l", "btn15:1.l", "magenta", [ "h0", "v-28.8", "h124.8" ] ],
    [ "btn14:1.l", "btn13:1.l", "magenta", [ "h0", "v-19.2", "h124.8" ] ],
    [ "btn13:1.l", "btn12:1.l", "magenta", [ "h0", "v-19.2", "h134.4" ] ],
    [ "btn12:1.l", "btn11:1.l", "magenta", [ "h0", "v-19.2", "h124.8" ] ],
    [ "btn10:1.l", "btn9:1.l", "magenta", [ "h0", "v-19.2", "h124.8" ] ],
    [ "btn9:1.l", "btn8:1.l", "magenta", [ "h0", "v-19.2", "h134.4" ] ],
    [ "btn8:1.l", "btn7:1.l", "magenta", [ "h0", "v-19.2", "h124.8" ] ],
    [ "pot3:VCC", "pot4:VCC", "red", [ "h-9.6", "v96", "h9.6" ] ],
    [ "pot3:GND", "pot4:GND", "black", [ "v0", "h14.8", "v96" ] ],
    [ "pot4:GND", "pot5:GND", "black", [ "v0", "h14.8", "v96" ] ],
    [ "pot2:GND", "pot3:GND", "black", [ "v0", "h14.8", "v86.4" ] ],
    [ "pot1:GND", "pot2:GND", "black", [ "v0", "h14.8", "v96", "h-9.6" ] ],
    [ "pot1:VCC", "pot2:VCC", "red", [ "h-9.6", "v96" ] ],
    [ "nano:A0", "btn14:1.l", "magenta", [ "v9.6", "h-67.2", "v-412.8" ] ],
    [ "nano:A2", "pot5:SIG", "blue", [ "v57.6", "h-134.4", "v451.2" ] ],
    [ "nano:A3", "pot4:SIG", "blue", [ "v67.2", "h-134.4", "v345.6" ] ],
    [ "nano:A4", "pot3:SIG", "blue", [ "v76.8", "h-134.4", "v240" ] ],
    [ "nano:A5", "pot2:SIG", "blue", [ "v86.4", "h-134.4", "v144" ] ],
    [ "nano:A6", "pot1:SIG", "blue", [ "v96", "h-134.4", "v38.4" ] ],
    [ "btn18:1.r", "led6:C", "green", [ "h9.8", "v38.4", "h18.8" ] ],
    [ "nano:11", "btn15:2.r", "yellow", [ "v-230.4", "h614.4", "v86.4", "h-9.8" ] ],
    [ "nano:10", "btn16:2.r", "yellow", [ "v-220.8", "h480", "v76.6" ] ],
    [ "nano:9", "btn17:2.r", "yellow", [ "v-211.2", "h336", "v67" ] ],
    [ "nano:8", "btn6:2.r", "yellow", [ "v-201.6", "h201.6", "v57.4" ] ],
    [ "nano:7", "btn6:1.l", "magenta", [ "v0" ] ],
    [ "nano:A7", "pot6:SIG", "blue", [ "v19.2", "h172.8", "v134.4", "h48" ] ]
  ],
  "dependencies": {}
}